{
  "fraction_mixed_face_screentime": 0.065715181932245917, 
  "total_frames_with_faces": 6376, 
  "avg_frames_with_female_faces": 0.099620216184633362, 
  "avg_face_screen_fraction": 0.039126589000403521, 
  "avg_frames_with_faces": 0.62089784789171287, 
  "fraction_male_face_screentime": 0.68961731493099121, 
  "f_movie": "raw_videos/3.Idiots.2009.720p.BluRay.x264-D3Si.mkv", 
  "total_frames_with_male_faces": 4816, 
  "fraction_female_face_screentime": 0.094730238393977415, 
  "total_frames": 10269, 
  "total_frames_with_female_faces": 1023, 
  "avg_frames_with_male_faces": 0.46898432174505794
}