{
  "fraction_mixed_face_screentime": 0.012003919647231749, 
  "total_frames_with_faces": 4082, 
  "avg_frames_with_female_faces": 0.045737285034760336, 
  "avg_face_screen_fraction": 0.029438203648321021, 
  "avg_frames_with_faces": 0.49786559336504455, 
  "fraction_male_face_screentime": 0.631063204311612, 
  "f_movie": "raw_videos/A.Clockwork.Orange.1971.720p.BluRay.DTS.x264-CtrlHD.mkv", 
  "total_frames_with_male_faces": 2625, 
  "fraction_female_face_screentime": 0.079862812346888787, 
  "total_frames": 8199, 
  "total_frames_with_female_faces": 375, 
  "avg_frames_with_male_faces": 0.32016099524332237
}