{
  "fraction_mixed_face_screentime": 0.034841810172206646, 
  "total_frames_with_faces": 4994, 
  "avg_frames_with_female_faces": 0.19882572724846545, 
  "avg_face_screen_fraction": 0.033539458461925492, 
  "avg_frames_with_faces": 0.6663997864958634, 
  "fraction_male_face_screentime": 0.33380056067280739, 
  "f_movie": "raw_videos/A.Streetcar.Named.Desire.1951.DVDRip.x264-DJ.mkv", 
  "total_frames_with_male_faces": 1841, 
  "fraction_female_face_screentime": 0.26351621946335602, 
  "total_frames": 7494, 
  "total_frames_with_female_faces": 1490, 
  "avg_frames_with_male_faces": 0.24566319722444621
}