{
  "fraction_mixed_face_screentime": 0.015399422521655439, 
  "total_frames_with_faces": 1039, 
  "avg_frames_with_female_faces": 0.025575082154593514, 
  "avg_face_screen_fraction": 0.013654666086461877, 
  "avg_frames_with_faces": 0.14844977853979141, 
  "fraction_male_face_screentime": 0.5274302213666987, 
  "f_movie": "raw_videos/Alien.1979.BDRip.x264-DJ.mkv", 
  "total_frames_with_male_faces": 564, 
  "fraction_female_face_screentime": 0.15688161693936478, 
  "total_frames": 6999, 
  "total_frames_with_female_faces": 179, 
  "avg_frames_with_male_faces": 0.080582940420060006
}