{
  "fraction_mixed_face_screentime": 0.085531004989308629, 
  "total_frames_with_faces": 7015, 
  "avg_frames_with_female_faces": 0.32184600554283649, 
  "avg_face_screen_fraction": 0.039609139149118434, 
  "avg_frames_with_faces": 0.8452825641643571, 
  "fraction_male_face_screentime": 0.28624376336421953, 
  "f_movie": "raw_videos/All.About.Eve.1950.BluRay.720p.H264.mp4", 
  "total_frames_with_male_faces": 2608, 
  "fraction_female_face_screentime": 0.29522451888809692, 
  "total_frames": 8299, 
  "total_frames_with_female_faces": 2671, 
  "avg_frames_with_male_faces": 0.31425472948548017
}