{
  "fraction_mixed_face_screentime": 0.046576102023842526, 
  "total_frames_with_faces": 3607, 
  "avg_frames_with_female_faces": 0.19241303752396605, 
  "avg_face_screen_fraction": 0.026566186821337774, 
  "avg_frames_with_faces": 0.49397425362914271, 
  "fraction_male_face_screentime": 0.40920432492375935, 
  "f_movie": "raw_videos/American Beauty 1999 BRRip XvidHD 720p-NPW.avi", 
  "total_frames_with_male_faces": 1644, 
  "fraction_female_face_screentime": 0.34294427502079289, 
  "total_frames": 7302, 
  "total_frames_with_female_faces": 1405, 
  "avg_frames_with_male_faces": 0.22514379622021363
}