{
  "fraction_mixed_face_screentime": 0.010626076967260195, 
  "total_frames_with_faces": 3482, 
  "avg_frames_with_female_faces": 0.033216538192011209, 
  "avg_face_screen_fraction": 0.072748098938889935, 
  "avg_frames_with_faces": 0.48801681850035039, 
  "fraction_male_face_screentime": 0.74439977024698445, 
  "f_movie": "raw_videos/American.History.X.1998.720p.BluRay.x264.mkv", 
  "total_frames_with_male_faces": 2629, 
  "fraction_female_face_screentime": 0.057438253877082138, 
  "total_frames": 7135, 
  "total_frames_with_female_faces": 237, 
  "avg_frames_with_male_faces": 0.36846531184302733
}