{
  "fraction_mixed_face_screentime": 0.0, 
  "total_frames_with_faces": 943, 
  "avg_frames_with_female_faces": 0.000760291082871728, 
  "avg_face_screen_fraction": 0.008094397752232663, 
  "avg_frames_with_faces": 0.10242207016400565, 
  "fraction_male_face_screentime": 0.82714740190880165, 
  "f_movie": "raw_videos/Apocalypse.Now.1979.BDRip.x264-DJ.mkv", 
  "total_frames_with_male_faces": 780, 
  "fraction_female_face_screentime": 0.007423117709437964, 
  "total_frames": 9207, 
  "total_frames_with_female_faces": 7, 
  "avg_frames_with_male_faces": 0.08471814923427827
}