{
  "fraction_mixed_face_screentime": 0.049356223175965663, 
  "total_frames_with_faces": 3262, 
  "avg_frames_with_female_faces": 0.12002967359050445, 
  "avg_face_screen_fraction": 0.042275965528290854, 
  "avg_frames_with_faces": 0.48397626112759645, 
  "fraction_male_face_screentime": 0.46076026977314533, 
  "f_movie": "raw_videos/Babam ve Oglum 2005 Yerli 720p WEB-DL x264 AAC - HdT.mkv", 
  "total_frames_with_male_faces": 1664, 
  "fraction_female_face_screentime": 0.19865113427345188, 
  "total_frames": 6740, 
  "total_frames_with_female_faces": 809, 
  "avg_frames_with_male_faces": 0.24688427299703264
}