{
  "fraction_mixed_face_screentime": 0.031699346405228757, 
  "total_frames_with_faces": 3060, 
  "avg_frames_with_female_faces": 0.068742824339839262, 
  "avg_face_screen_fraction": 0.020508879357270332, 
  "avg_frames_with_faces": 0.43915040183696902, 
  "fraction_male_face_screentime": 0.40620915032679739, 
  "f_movie": "raw_videos/Back.to.the.Future.1985.BDRip.x264-DJ.mkv", 
  "total_frames_with_male_faces": 1340, 
  "fraction_female_face_screentime": 0.12483660130718954, 
  "total_frames": 6968, 
  "total_frames_with_female_faces": 479, 
  "avg_frames_with_male_faces": 0.19230769230769232
}