{
  "fraction_mixed_face_screentime": 0.037165510406342916, 
  "total_frames_with_faces": 2018, 
  "avg_frames_with_female_faces": 0.18765008576329331, 
  "avg_face_screen_fraction": 0.02074456949343844, 
  "avg_frames_with_faces": 0.34614065180102915, 
  "fraction_male_face_screentime": 0.24331020812685827, 
  "f_movie": "raw_videos/Barbarella.1968.DVDrip.576p.H264.mp4", 
  "total_frames_with_male_faces": 566, 
  "fraction_female_face_screentime": 0.50495540138751238, 
  "total_frames": 5830, 
  "total_frames_with_female_faces": 1094, 
  "avg_frames_with_male_faces": 0.097084048027444247
}