{
  "fraction_mixed_face_screentime": 0.01511437908496732, 
  "total_frames_with_faces": 2448, 
  "avg_frames_with_female_faces": 0.047715373631603997, 
  "avg_face_screen_fraction": 0.028205268781871573, 
  "avg_frames_with_faces": 0.29128986197049023, 
  "fraction_male_face_screentime": 0.71119281045751637, 
  "f_movie": "raw_videos/Batman.Begins.2005.720p.BluRay.DD5.1.x264-CtrlHD.mkv", 
  "total_frames_with_male_faces": 1778, 
  "fraction_female_face_screentime": 0.14869281045751634, 
  "total_frames": 8404, 
  "total_frames_with_female_faces": 401, 
  "avg_frames_with_male_faces": 0.21156592099000476
}