{
  "fraction_mixed_face_screentime": 0.025479761328817931, 
  "total_frames_with_faces": 6201, 
  "avg_frames_with_female_faces": 0.074629664354022129, 
  "avg_face_screen_fraction": 0.045580146098704283, 
  "avg_frames_with_faces": 0.58138008625539095, 
  "fraction_male_face_screentime": 0.76503789711336878, 
  "f_movie": "raw_videos/Braveheart.1995.1080p.BluRay.x265.10bit-z97.mkv", 
  "total_frames_with_male_faces": 4902, 
  "fraction_female_face_screentime": 0.10288663118851799, 
  "total_frames": 10666, 
  "total_frames_with_female_faces": 796, 
  "avg_frames_with_male_faces": 0.45959122445152822
}