{
  "fraction_mixed_face_screentime": 0.056363636363636366, 
  "total_frames_with_faces": 4950, 
  "avg_frames_with_female_faces": 0.48480862817308956, 
  "avg_face_screen_fraction": 0.037487153380768863, 
  "avg_frames_with_faces": 0.6510587925818756, 
  "fraction_male_face_screentime": 0.12484848484848485, 
  "f_movie": "raw_videos/Bridesmaids.2011.BluRay.576p.H264.mp4", 
  "total_frames_with_male_faces": 897, 
  "fraction_female_face_screentime": 0.68828282828282827, 
  "total_frames": 7603, 
  "total_frames_with_female_faces": 3686, 
  "avg_frames_with_male_faces": 0.11797974483756411
}