{
  "fraction_mixed_face_screentime": 0.09651600753295668, 
  "total_frames_with_faces": 4248, 
  "avg_frames_with_female_faces": 0.40812720848056538, 
  "avg_face_screen_fraction": 0.049903051990839567, 
  "avg_frames_with_faces": 0.75053003533568907, 
  "fraction_male_face_screentime": 0.22975517890772129, 
  "f_movie": "raw_videos/Bring.It.On.2000.HDTV.720p.H264.mp4", 
  "total_frames_with_male_faces": 1386, 
  "fraction_female_face_screentime": 0.4472693032015066, 
  "total_frames": 5660, 
  "total_frames_with_female_faces": 2310, 
  "avg_frames_with_male_faces": 0.24487632508833923
}