{
  "fraction_mixed_face_screentime": 0.014251781472684086, 
  "total_frames_with_faces": 4210, 
  "avg_frames_with_female_faces": 0.044934412503488695, 
  "avg_face_screen_fraction": 0.022315917601986906, 
  "avg_frames_with_faces": 0.5874965113033771, 
  "fraction_male_face_screentime": 0.74655581947743466, 
  "f_movie": "raw_videos/Citizen.Kane.1941.BluRay.720p.H264.mp4", 
  "total_frames_with_male_faces": 3203, 
  "fraction_female_face_screentime": 0.062232779097387177, 
  "total_frames": 7166, 
  "total_frames_with_female_faces": 322, 
  "avg_frames_with_male_faces": 0.44697181133128661
}