{
  "fraction_mixed_face_screentime": 0.025056947608200455, 
  "total_frames_with_faces": 3073, 
  "avg_frames_with_female_faces": 0.090804377039738912, 
  "avg_face_screen_fraction": 0.013254386567365472, 
  "avg_frames_with_faces": 0.589940487617585, 
  "fraction_male_face_screentime": 0.43768304588350149, 
  "f_movie": "raw_videos/City.Lights.1931.720p.BluRay.x264-DChighdef.mkv", 
  "total_frames_with_male_faces": 1422, 
  "fraction_female_face_screentime": 0.1288643019850309, 
  "total_frames": 5209, 
  "total_frames_with_female_faces": 473, 
  "avg_frames_with_male_faces": 0.27298905740065271
}