{
  "fraction_mixed_face_screentime": 0.0091743119266055051, 
  "total_frames_with_faces": 1090, 
  "avg_frames_with_female_faces": 0.0097105864432597104, 
  "avg_face_screen_fraction": 0.0068189826657068815, 
  "avg_frames_with_faces": 0.20753998476770755, 
  "fraction_male_face_screentime": 0.8128440366972477, 
  "f_movie": "raw_videos/Darjeeling Limited.mkv", 
  "total_frames_with_male_faces": 896, 
  "fraction_female_face_screentime": 0.037614678899082571, 
  "total_frames": 5252, 
  "total_frames_with_female_faces": 51, 
  "avg_frames_with_male_faces": 0.1706016755521706
}