{
  "fraction_mixed_face_screentime": 0.00073837066207236028, 
  "total_frames_with_faces": 4063, 
  "avg_frames_with_female_faces": 0.001084960774495076, 
  "avg_face_screen_fraction": 0.026062151269912279, 
  "avg_frames_with_faces": 0.33909197129026875, 
  "fraction_male_face_screentime": 0.86635491016490274, 
  "f_movie": "raw_videos/Das.Boot.1981.Directors.Cut.German.DL.DVDRip.x264.mkv", 
  "total_frames_with_male_faces": 3523, 
  "fraction_female_face_screentime": 0.0024612355402412012, 
  "total_frames": 11982, 
  "total_frames_with_female_faces": 13, 
  "avg_frames_with_male_faces": 0.2940243698881656
}