{
  "fraction_mixed_face_screentime": 0.018259023354564755, 
  "total_frames_with_faces": 2355, 
  "avg_frames_with_female_faces": 0.032282471626733922, 
  "avg_face_screen_fraction": 0.017761714855856488, 
  "avg_frames_with_faces": 0.29697351828499369, 
  "fraction_male_face_screentime": 0.73078556263269634, 
  "f_movie": "raw_videos/Die.Hard.1988.720p.BRRip.x264-x0r.mkv", 
  "total_frames_with_male_faces": 1764, 
  "fraction_female_face_screentime": 0.090445859872611459, 
  "total_frames": 7930, 
  "total_frames_with_female_faces": 256, 
  "avg_frames_with_male_faces": 0.22244640605296342
}