{
  "fraction_mixed_face_screentime": 0.027666999002991025, 
  "total_frames_with_faces": 4012, 
  "avg_frames_with_female_faces": 0.091176470588235289, 
  "avg_face_screen_fraction": 0.029087441018674678, 
  "avg_frames_with_faces": 0.62105263157894741, 
  "fraction_male_face_screentime": 0.63160518444666003, 
  "f_movie": "raw_videos/Double.Indemnity.1944.DVDRip.x264-DJ.mkv", 
  "total_frames_with_male_faces": 2645, 
  "fraction_female_face_screentime": 0.11914257228315055, 
  "total_frames": 6460, 
  "total_frames_with_female_faces": 589, 
  "avg_frames_with_male_faces": 0.40944272445820434
}