{
  "fraction_mixed_face_screentime": 0.015316642120765831, 
  "total_frames_with_faces": 3395, 
  "avg_frames_with_female_faces": 0.060427157492620245, 
  "avg_face_screen_fraction": 0.031383212608346742, 
  "avg_frames_with_faces": 0.58951206806737277, 
  "fraction_male_face_screentime": 0.49631811487481592, 
  "f_movie": "raw_videos/Dr.Jekyll.and.Mr.Hyde.1931.720p.H264.mp4", 
  "total_frames_with_male_faces": 1737, 
  "fraction_female_face_screentime": 0.087187039764359348, 
  "total_frames": 5759, 
  "total_frames_with_female_faces": 348, 
  "avg_frames_with_male_faces": 0.30161486369161311
}