{
  "fraction_mixed_face_screentime": 0.015789473684210527, 
  "total_frames_with_faces": 950, 
  "avg_frames_with_female_faces": 0.026738728488124024, 
  "avg_face_screen_fraction": 0.0079987216762427045, 
  "avg_frames_with_faces": 0.1351159152325416, 
  "fraction_male_face_screentime": 0.29473684210526313, 
  "f_movie": "raw_videos/E.T.The.Extra-Terrestrial.1982.20th.Anniversary.HDTV.576p.H264.mp4", 
  "total_frames_with_male_faces": 295, 
  "fraction_female_face_screentime": 0.18210526315789474, 
  "total_frames": 7031, 
  "total_frames_with_female_faces": 188, 
  "avg_frames_with_male_faces": 0.041957047361683972
}