{
  "fraction_mixed_face_screentime": 0.064368624692226525, 
  "total_frames_with_faces": 2843, 
  "avg_frames_with_female_faces": 0.21113651208360548, 
  "avg_face_screen_fraction": 0.022171000727597437, 
  "avg_frames_with_faces": 0.46423905943827565, 
  "fraction_male_face_screentime": 0.35209285965529369, 
  "f_movie": "raw_videos/Enchanted.2007.BluRay.720p.H264.mp4", 
  "total_frames_with_male_faces": 1184, 
  "fraction_female_face_screentime": 0.39043264157580021, 
  "total_frames": 6124, 
  "total_frames_with_female_faces": 1293, 
  "avg_frames_with_male_faces": 0.19333768778576094
}