{
  "fraction_mixed_face_screentime": 0.028354430379746835, 
  "total_frames_with_faces": 1975, 
  "avg_frames_with_female_faces": 0.079231886396643539, 
  "avg_face_screen_fraction": 0.020270958266384261, 
  "avg_frames_with_faces": 0.31870259803130546, 
  "fraction_male_face_screentime": 0.46025316455696202, 
  "f_movie": "raw_videos/Eternal.Sunshine.of.the.Spotless.Mind.2004.DVDRip.x264-DJ.mkv", 
  "total_frames_with_male_faces": 965, 
  "fraction_female_face_screentime": 0.22025316455696203, 
  "total_frames": 6197, 
  "total_frames_with_female_faces": 491, 
  "avg_frames_with_male_faces": 0.15572050992415684
}