{
  "fraction_mixed_face_screentime": 0.023064250411861616, 
  "total_frames_with_faces": 2428, 
  "avg_frames_with_female_faces": 0.092944369063772042, 
  "avg_face_screen_fraction": 0.026427524182567413, 
  "avg_frames_with_faces": 0.41180461329715062, 
  "fraction_male_face_screentime": 0.64250411861614498, 
  "f_movie": "raw_videos/Fargo.1996.REMASTERED.BluRay.720p.H264.mp4", 
  "total_frames_with_male_faces": 1616, 
  "fraction_female_face_screentime": 0.20263591433278419, 
  "total_frames": 5896, 
  "total_frames_with_female_faces": 548, 
  "avg_frames_with_male_faces": 0.27408412483039346
}