{
  "fraction_mixed_face_screentime": 0.017114914425427872, 
  "total_frames_with_faces": 2454, 
  "avg_frames_with_female_faces": 0.13902217611204773, 
  "avg_face_screen_fraction": 0.023274692505571123, 
  "avg_frames_with_faces": 0.31824666061470624, 
  "fraction_male_face_screentime": 0.35167074164629175, 
  "f_movie": "raw_videos/Fifty.Shades.of.Grey.2015.BDRip.x264-DJ.mkv", 
  "total_frames_with_male_faces": 905, 
  "fraction_female_face_screentime": 0.41972290138549306, 
  "total_frames": 7711, 
  "total_frames_with_female_faces": 1072, 
  "avg_frames_with_male_faces": 0.11736480352742835
}