{
  "fraction_mixed_face_screentime": 0.038193548387096772, 
  "total_frames_with_faces": 3875, 
  "avg_frames_with_female_faces": 0.069276755362794512, 
  "avg_face_screen_fraction": 0.020749226382642077, 
  "avg_frames_with_faces": 0.45422576485757826, 
  "fraction_male_face_screentime": 0.60619354838709683, 
  "f_movie": "raw_videos/Forrest.Gump.1994.BluRay.720p.H264.mp4", 
  "total_frames_with_male_faces": 2497, 
  "fraction_female_face_screentime": 0.11432258064516129, 
  "total_frames": 8531, 
  "total_frames_with_female_faces": 591, 
  "avg_frames_with_male_faces": 0.29269722189661235
}