{
  "fraction_mixed_face_screentime": 0.0010073875083948958, 
  "total_frames_with_faces": 2978, 
  "avg_frames_with_female_faces": 0.0020022883295194509, 
  "avg_face_screen_fraction": 0.018081851556076084, 
  "avg_frames_with_faces": 0.4259153318077803, 
  "fraction_male_face_screentime": 0.7820685023505709, 
  "f_movie": "raw_videos/Full.Metal.Jacket.1987.BDRip.x264-DJ.mkv", 
  "total_frames_with_male_faces": 2332, 
  "fraction_female_face_screentime": 0.0036937541974479517, 
  "total_frames": 6992, 
  "total_frames_with_female_faces": 14, 
  "avg_frames_with_male_faces": 0.33352402745995424
}