{
  "fraction_mixed_face_screentime": 0.024499654934437544, 
  "total_frames_with_faces": 2898, 
  "avg_frames_with_female_faces": 0.1991005016433143, 
  "avg_face_screen_fraction": 0.032820183534291544, 
  "avg_frames_with_faces": 0.50129735339906589, 
  "fraction_male_face_screentime": 0.31435472739820564, 
  "f_movie": "raw_videos/Girl.with.a.Pearl.Earring.2003.BluRay.720p.H264.mp4", 
  "total_frames_with_male_faces": 982, 
  "fraction_female_face_screentime": 0.37267080745341613, 
  "total_frames": 5781, 
  "total_frames_with_female_faces": 1151, 
  "avg_frames_with_male_faces": 0.16986680505102925
}