{
  "fraction_mixed_face_screentime": 0.029205234599425471, 
  "total_frames_with_faces": 6266, 
  "avg_frames_with_female_faces": 0.15224681421864519, 
  "avg_face_screen_fraction": 0.022495390809791446, 
  "avg_frames_with_faces": 0.46694984723153737, 
  "fraction_male_face_screentime": 0.23045004787743376, 
  "f_movie": "raw_videos/Gone.with.the.Wind.1939.DVDRip.x264-DJ.mkv", 
  "total_frames_with_male_faces": 1627, 
  "fraction_female_face_screentime": 0.2968400893712097, 
  "total_frames": 13419, 
  "total_frames_with_female_faces": 2043, 
  "avg_frames_with_male_faces": 0.12124599448543111
}