{
  "fraction_mixed_face_screentime": 0.025000000000000001, 
  "total_frames_with_faces": 4440, 
  "avg_frames_with_female_faces": 0.071757735352205393, 
  "avg_face_screen_fraction": 0.045660919552042489, 
  "avg_frames_with_faces": 0.58459512837393024, 
  "fraction_male_face_screentime": 0.66891891891891897, 
  "f_movie": "raw_videos/Good.Will.Hunting.1997.BluRay.720p.H264.mp4", 
  "total_frames_with_male_faces": 3081, 
  "fraction_female_face_screentime": 0.097747747747747749, 
  "total_frames": 7595, 
  "total_frames_with_female_faces": 545, 
  "avg_frames_with_male_faces": 0.40566161948650425
}