{
  "fraction_mixed_face_screentime": 0.02661064425770308, 
  "total_frames_with_faces": 2142, 
  "avg_frames_with_female_faces": 0.03612237375598968, 
  "avg_face_screen_fraction": 0.010531424850806272, 
  "avg_frames_with_faces": 0.39476594176188723, 
  "fraction_male_face_screentime": 0.7408963585434174, 
  "f_movie": "raw_videos/Grand Budapest Hotel.mkv", 
  "total_frames_with_male_faces": 1644, 
  "fraction_female_face_screentime": 0.064892623716153133, 
  "total_frames": 5426, 
  "total_frames_with_female_faces": 196, 
  "avg_frames_with_male_faces": 0.3029856247696277
}