{
  "fraction_mixed_face_screentime": 0.04060687193217314, 
  "total_frames_with_faces": 2241, 
  "avg_frames_with_female_faces": 0.078828043250784796, 
  "avg_face_screen_fraction": 0.021279795024418818, 
  "avg_frames_with_faces": 0.39082664806417861, 
  "fraction_male_face_screentime": 0.50022311468094605, 
  "f_movie": "raw_videos/Hacker.2016.BluRay.720p.H264.mp4", 
  "total_frames_with_male_faces": 1212, 
  "fraction_female_face_screentime": 0.16108879964301651, 
  "total_frames": 5734, 
  "total_frames_with_female_faces": 452, 
  "avg_frames_with_male_faces": 0.21137077084059994
}