{
  "fraction_mixed_face_screentime": 0.055860349127182046, 
  "total_frames_with_faces": 4010, 
  "avg_frames_with_female_faces": 0.10397889646076061, 
  "avg_face_screen_fraction": 0.023119627866215544, 
  "avg_frames_with_faces": 0.44075621015607824, 
  "fraction_male_face_screentime": 0.62493765586034911, 
  "f_movie": "raw_videos/Inglourious.Basterds.2009.BluRay.720p.H264.mp4", 
  "total_frames_with_male_faces": 2730, 
  "fraction_female_face_screentime": 0.1800498753117207, 
  "total_frames": 9098, 
  "total_frames_with_female_faces": 946, 
  "avg_frames_with_male_faces": 0.30006594856012309
}