{
  "fraction_mixed_face_screentime": 0.018169112508735149, 
  "total_frames_with_faces": 2862, 
  "avg_frames_with_female_faces": 0.12133526850507982, 
  "avg_face_screen_fraction": 0.023164562123460793, 
  "avg_frames_with_faces": 0.41538461538461541, 
  "fraction_male_face_screentime": 0.45492662473794548, 
  "f_movie": "raw_videos/La.Femme.Nikita.1990.BluRay.720p.H264.Dual.Audio.mp4", 
  "total_frames_with_male_faces": 1354, 
  "fraction_female_face_screentime": 0.27393431167016075, 
  "total_frames": 6890, 
  "total_frames_with_female_faces": 836, 
  "avg_frames_with_male_faces": 0.19651669085631349
}