{
  "fraction_mixed_face_screentime": 0.05818089430894309, 
  "total_frames_with_faces": 3936, 
  "avg_frames_with_female_faces": 0.11225855804169058, 
  "avg_face_screen_fraction": 0.027674118118092145, 
  "avg_frames_with_faces": 0.75272518646012621, 
  "fraction_male_face_screentime": 0.58943089430894313, 
  "f_movie": "raw_videos/Laura.1944.DVDRip.x264-DJ.mkv", 
  "total_frames_with_male_faces": 2549, 
  "fraction_female_face_screentime": 0.090955284552845531, 
  "total_frames": 5229, 
  "total_frames_with_female_faces": 587, 
  "avg_frames_with_male_faces": 0.48747370434117421
}