{
  "fraction_mixed_face_screentime": 0.10647820965842167, 
  "total_frames_with_faces": 4245, 
  "avg_frames_with_female_faces": 0.48516987237102283, 
  "avg_face_screen_fraction": 0.046358616512377791, 
  "avg_frames_with_faces": 0.76307747618191624, 
  "fraction_male_face_screentime": 0.21790341578327443, 
  "f_movie": "raw_videos/Legally.Blonde.2001.BluRay.720p.H264.mp4", 
  "total_frames_with_male_faces": 1377, 
  "fraction_female_face_screentime": 0.52932862190812724, 
  "total_frames": 5563, 
  "total_frames_with_female_faces": 2699, 
  "avg_frames_with_male_faces": 0.24752831206183715
}