{
  "fraction_mixed_face_screentime": 0.0092565808504483649, 
  "total_frames_with_faces": 3457, 
  "avg_frames_with_female_faces": 0.060598279625112335, 
  "avg_face_screen_fraction": 0.038610558584963033, 
  "avg_frames_with_faces": 0.44383104377968929, 
  "fraction_male_face_screentime": 0.58229678912351746, 
  "f_movie": "raw_videos/Legends.of.the.Fall.1994.Bluray.480p.H264.mp4", 
  "total_frames_with_male_faces": 2045, 
  "fraction_female_face_screentime": 0.12727798669366502, 
  "total_frames": 7789, 
  "total_frames_with_female_faces": 472, 
  "avg_frames_with_male_faces": 0.262549749646938
}