{
  "fraction_mixed_face_screentime": 0.070873786407766995, 
  "total_frames_with_faces": 4120, 
  "avg_frames_with_female_faces": 0.10944179797239525, 
  "avg_face_screen_fraction": 0.02054361456047761, 
  "avg_frames_with_faces": 0.50323683889092463, 
  "fraction_male_face_screentime": 0.62524271844660195, 
  "f_movie": "raw_videos/North.by.Northwest.1959.BDRip.x264-DJ.mkv", 
  "total_frames_with_male_faces": 2868, 
  "fraction_female_face_screentime": 0.14660194174757282, 
  "total_frames": 8187, 
  "total_frames_with_female_faces": 896, 
  "avg_frames_with_male_faces": 0.35031146940271163
}