{
  "fraction_mixed_face_screentime": 0.026244343891402715, 
  "total_frames_with_faces": 3315, 
  "avg_frames_with_female_faces": 0.082322195258540232, 
  "avg_face_screen_fraction": 0.032678788548802414, 
  "avg_frames_with_faces": 0.61881650177338066, 
  "fraction_male_face_screentime": 0.70497737556561091, 
  "f_movie": "raw_videos/Office Space 1999 720p BRRip AC3 x264 MacGuffin.mkv", 
  "total_frames_with_male_faces": 2424, 
  "fraction_female_face_screentime": 0.10678733031674208, 
  "total_frames": 5357, 
  "total_frames_with_female_faces": 441, 
  "avg_frames_with_male_faces": 0.45249206645510548
}