{
  "fraction_mixed_face_screentime": 0.032346063912704601, 
  "total_frames_with_faces": 2566, 
  "avg_frames_with_female_faces": 0.070514757731439504, 
  "avg_face_screen_fraction": 0.024648105534137321, 
  "avg_frames_with_faces": 0.2584869547698197, 
  "fraction_male_face_screentime": 0.59742790335151985, 
  "f_movie": "raw_videos/Once.Upon.A.Time.In.The.West.1968.720p.BRRip.x264-x0r.mkv", 
  "total_frames_with_male_faces": 1616, 
  "fraction_female_face_screentime": 0.24045206547155104, 
  "total_frames": 9927, 
  "total_frames_with_female_faces": 700, 
  "avg_frames_with_male_faces": 0.16278835499143748
}