{
  "fraction_mixed_face_screentime": 0.010972568578553617, 
  "total_frames_with_faces": 6015, 
  "avg_frames_with_female_faces": 0.067214067722714724, 
  "avg_face_screen_fraction": 0.045401447374887334, 
  "avg_frames_with_faces": 0.43707309984013953, 
  "fraction_male_face_screentime": 0.60631753948462175, 
  "f_movie": "raw_videos/Once.Upon.a.Time.in.America.1984.DVDRip.x264-DJ.mkv", 
  "total_frames_with_male_faces": 3713, 
  "fraction_female_face_screentime": 0.14280964256026601, 
  "total_frames": 13762, 
  "total_frames_with_female_faces": 925, 
  "avg_frames_with_male_faces": 0.26980090103182675
}