{
  "fraction_mixed_face_screentime": 0.0091527810373151844, 
  "total_frames_with_faces": 4261, 
  "avg_frames_with_female_faces": 0.070908144678636487, 
  "avg_face_screen_fraction": 0.045350440041643438, 
  "avg_frames_with_faces": 0.55438459536820195, 
  "fraction_male_face_screentime": 0.70100915278103737, 
  "f_movie": "raw_videos/One.Flew.Over.the.Cuckoos.Nest.1975.DVDRip.x264-DJ.mkv", 
  "total_frames_with_male_faces": 3026, 
  "fraction_female_face_screentime": 0.1187514667918329, 
  "total_frames": 7686, 
  "total_frames_with_female_faces": 545, 
  "avg_frames_with_male_faces": 0.39370283632578712
}