{
  "fraction_mixed_face_screentime": 0.029507309149972929, 
  "total_frames_with_faces": 3694, 
  "avg_frames_with_female_faces": 0.18484468588939965, 
  "avg_face_screen_fraction": 0.021900938296241682, 
  "avg_frames_with_faces": 0.51455634489483215, 
  "fraction_male_face_screentime": 0.30048727666486191, 
  "f_movie": "raw_videos/Pretty.Woman.1990.Bluray.720p.H264.mp4", 
  "total_frames_with_male_faces": 1219, 
  "fraction_female_face_screentime": 0.32972387655657825, 
  "total_frames": 7179, 
  "total_frames_with_female_faces": 1327, 
  "avg_frames_with_male_faces": 0.16980080791196545
}