{
  "fraction_mixed_face_screentime": 0.043107898812596801, 
  "total_frames_with_faces": 3874, 
  "avg_frames_with_female_faces": 0.18276442675646717, 
  "avg_face_screen_fraction": 0.03849146234971737, 
  "avg_frames_with_faces": 0.59298943823664474, 
  "fraction_male_face_screentime": 0.47883324728962312, 
  "f_movie": "raw_videos/Psycho.1960.BluRay.720p.H264.mp4", 
  "total_frames_with_male_faces": 2022, 
  "fraction_female_face_screentime": 0.2651006711409396, 
  "total_frames": 6533, 
  "total_frames_with_female_faces": 1194, 
  "avg_frames_with_male_faces": 0.3095055870197459
}