{
  "fraction_mixed_face_screentime": 0.0088706925963834872, 
  "total_frames_with_faces": 2931, 
  "avg_frames_with_female_faces": 0.042077289336729044, 
  "avg_face_screen_fraction": 0.018467574003799166, 
  "avg_frames_with_faces": 0.32454877643671798, 
  "fraction_male_face_screentime": 0.68236096895257592, 
  "f_movie": "raw_videos/Pulp.Fiction.1994.BluRay.720p.H264.mp4", 
  "total_frames_with_male_faces": 2026, 
  "fraction_female_face_screentime": 0.12077789150460594, 
  "total_frames": 9031, 
  "total_frames_with_female_faces": 380, 
  "avg_frames_with_male_faces": 0.22433838999003433
}