{
  "fraction_mixed_face_screentime": 0.051077136900625437, 
  "total_frames_with_faces": 5756, 
  "avg_frames_with_female_faces": 0.17503824579296279, 
  "avg_face_screen_fraction": 0.033643336036059436, 
  "avg_frames_with_faces": 0.73380928097909226, 
  "fraction_male_face_screentime": 0.40566365531619181, 
  "f_movie": "raw_videos/Rebecca.1940.BluRay.720p.H264.mp4", 
  "total_frames_with_male_faces": 2629, 
  "fraction_female_face_screentime": 0.18745656706045866, 
  "total_frames": 7844, 
  "total_frames_with_female_faces": 1373, 
  "avg_frames_with_male_faces": 0.33516063233044363
}