{
  "fraction_mixed_face_screentime": 0.0, 
  "total_frames_with_faces": 2261, 
  "avg_frames_with_female_faces": 0.0028561827956989248, 
  "avg_face_screen_fraction": 0.026971016072578881, 
  "avg_frames_with_faces": 0.379872311827957, 
  "fraction_male_face_screentime": 0.8160106147722247, 
  "f_movie": "raw_videos/Reservoir.Dogs.1992.720p.BluRay.DD5.1.x264.mkv", 
  "total_frames_with_male_faces": 1845, 
  "fraction_female_face_screentime": 0.0075187969924812026, 
  "total_frames": 5952, 
  "total_frames_with_female_faces": 17, 
  "avg_frames_with_male_faces": 0.30997983870967744
}