{
  "fraction_mixed_face_screentime": 0.032667876588021776, 
  "total_frames_with_faces": 2755, 
  "avg_frames_with_female_faces": 0.12273004265691652, 
  "avg_face_screen_fraction": 0.020131006286579572, 
  "avg_frames_with_faces": 0.33577087141986595, 
  "fraction_male_face_screentime": 0.21705989110707805, 
  "f_movie": "raw_videos/Rosemarys.Baby.1968.DVDRip.x264-DJ.mkv", 
  "total_frames_with_male_faces": 688, 
  "fraction_female_face_screentime": 0.33284936479128857, 
  "total_frames": 8205, 
  "total_frames_with_female_faces": 1007, 
  "avg_frames_with_male_faces": 0.083851310176721511
}