{
  "fraction_mixed_face_screentime": 0.022413483951945489, 
  "total_frames_with_faces": 5577, 
  "avg_frames_with_female_faces": 0.027647410188582643, 
  "avg_face_screen_fraction": 0.029195989738971636, 
  "avg_frames_with_faces": 0.47589384759791792, 
  "fraction_male_face_screentime": 0.70306616460462612, 
  "f_movie": "raw_videos/Schindlers.List.1993.DVDRip.x264-DJ.mkv", 
  "total_frames_with_male_faces": 4046, 
  "fraction_female_face_screentime": 0.035682266451497219, 
  "total_frames": 11719, 
  "total_frames_with_female_faces": 324, 
  "avg_frames_with_male_faces": 0.34525130130557213
}