{
  "fraction_mixed_face_screentime": 0.013601236476043277, 
  "total_frames_with_faces": 3235, 
  "avg_frames_with_female_faces": 0.014105058365758755, 
  "avg_face_screen_fraction": 0.036102138548824499, 
  "avg_frames_with_faces": 0.52448119325551235, 
  "fraction_male_face_screentime": 0.8828438948995363, 
  "f_movie": "raw_videos/Snatch.2000.720p.BluRay.DTS.x264.mkv", 
  "total_frames_with_male_faces": 2900, 
  "fraction_female_face_screentime": 0.013292117465224112, 
  "total_frames": 6168, 
  "total_frames_with_female_faces": 87, 
  "avg_frames_with_male_faces": 0.47016861219195849
}