{
  "fraction_mixed_face_screentime": 0.033294255568581475, 
  "total_frames_with_faces": 4265, 
  "avg_frames_with_female_faces": 0.064129032258064517, 
  "avg_face_screen_fraction": 0.027799621483970072, 
  "avg_frames_with_faces": 0.55032258064516126, 
  "fraction_male_face_screentime": 0.74607268464243848, 
  "f_movie": "raw_videos/Spotlight.2015.BluRay.480p.H264.mp4", 
  "total_frames_with_male_faces": 3324, 
  "fraction_female_face_screentime": 0.083235638921453692, 
  "total_frames": 7750, 
  "total_frames_with_female_faces": 497, 
  "avg_frames_with_male_faces": 0.42890322580645163
}