{
  "fraction_mixed_face_screentime": 0.054977711738484397, 
  "total_frames_with_faces": 1346, 
  "avg_frames_with_female_faces": 0.031532120894936545, 
  "avg_face_screen_fraction": 0.0081769520417117273, 
  "avg_frames_with_faces": 0.17610885777835927, 
  "fraction_male_face_screentime": 0.50965824665676074, 
  "f_movie": "raw_videos/Star.Wars.Episode.V.The.Empire.Strikes.Back.1980.BluRay.720p.H264.mp4", 
  "total_frames_with_male_faces": 760, 
  "fraction_female_face_screentime": 0.12407132243684993, 
  "total_frames": 7643, 
  "total_frames_with_female_faces": 241, 
  "avg_frames_with_male_faces": 0.099437393693575821
}