{
  "fraction_mixed_face_screentime": 0.013435700575815739, 
  "total_frames_with_faces": 1563, 
  "avg_frames_with_female_faces": 0.025247127972214799, 
  "avg_face_screen_fraction": 0.010000721202958373, 
  "avg_frames_with_faces": 0.2087897408495859, 
  "fraction_male_face_screentime": 0.60716570697376837, 
  "f_movie": "raw_videos/Star.Wars.Episode.IV.A.New.Hope.1977.BluRay.720p.H264.mp4", 
  "total_frames_with_male_faces": 970, 
  "fraction_female_face_screentime": 0.10748560460652591, 
  "total_frames": 7486, 
  "total_frames_with_female_faces": 189, 
  "avg_frames_with_male_faces": 0.12957520705316591
}