{
  "fraction_mixed_face_screentime": 0.026376677464136973, 
  "total_frames_with_faces": 2161, 
  "avg_frames_with_female_faces": 0.039436271479787365, 
  "avg_face_screen_fraction": 0.015141957534736369, 
  "avg_frames_with_faces": 0.26715292372357524, 
  "fraction_male_face_screentime": 0.62980101804720034, 
  "f_movie": "raw_videos/Star.Wars.Episode.VI.Return.of.the.Jedi.1983.BluRay.720p.H264.mp4", 
  "total_frames_with_male_faces": 1418, 
  "fraction_female_face_screentime": 0.12124016658954188, 
  "total_frames": 8089, 
  "total_frames_with_female_faces": 319, 
  "avg_frames_with_male_faces": 0.17529978983805167
}