{
  "fraction_mixed_face_screentime": 0.086638338054768643, 
  "total_frames_with_faces": 4236, 
  "avg_frames_with_female_faces": 0.16085183507023107, 
  "avg_face_screen_fraction": 0.027142446057551655, 
  "avg_frames_with_faces": 0.63978251019483456, 
  "fraction_male_face_screentime": 0.49291784702549574, 
  "f_movie": "raw_videos/Sunset.Boulevard.1950.DVDRip.x264-DJ.mkv", 
  "total_frames_with_male_faces": 2455, 
  "fraction_female_face_screentime": 0.1647780925401322, 
  "total_frames": 6621, 
  "total_frames_with_female_faces": 1065, 
  "avg_frames_with_male_faces": 0.37078991088959373
}