{
  "fraction_mixed_face_screentime": 0.014099216710182768, 
  "total_frames_with_faces": 3830, 
  "avg_frames_with_female_faces": 0.081718618365627632, 
  "avg_face_screen_fraction": 0.026485512309520055, 
  "avg_frames_with_faces": 0.53777028924459425, 
  "fraction_male_face_screentime": 0.56840731070496087, 
  "f_movie": "raw_videos/superbad.2007.unrated.1080p.bluray.x264-wpi.mkv", 
  "total_frames_with_male_faces": 2231, 
  "fraction_female_face_screentime": 0.13785900783289817, 
  "total_frames": 7122, 
  "total_frames_with_female_faces": 582, 
  "avg_frames_with_male_faces": 0.31325470373490594
}