{
  "fraction_mixed_face_screentime": 0.013063477460901564, 
  "total_frames_with_faces": 5435, 
  "avg_frames_with_female_faces": 0.049223829109725357, 
  "avg_face_screen_fraction": 0.022051772362192419, 
  "avg_frames_with_faces": 0.72110919463977707, 
  "fraction_male_face_screentime": 0.69586016559337627, 
  "f_movie": "raw_videos/The.Great.Dictator.1940.Criterion.720p.BluRay.x264.mkv", 
  "total_frames_with_male_faces": 3853, 
  "fraction_female_face_screentime": 0.055197792088316468, 
  "total_frames": 7537, 
  "total_frames_with_female_faces": 371, 
  "avg_frames_with_male_faces": 0.51121135730396705
}