{
  "fraction_mixed_face_screentime": 0.033596837944664032, 
  "total_frames_with_faces": 3036, 
  "avg_frames_with_female_faces": 0.036865839909808344, 
  "avg_face_screen_fraction": 0.025818121282663746, 
  "avg_frames_with_faces": 0.34227733934611049, 
  "fraction_male_face_screentime": 0.75098814229249011, 
  "f_movie": "raw_videos/The.Dark.Knight.2008.IMAX.BluRay.720p.H264.mp4", 
  "total_frames_with_male_faces": 2382, 
  "fraction_female_face_screentime": 0.074110671936758896, 
  "total_frames": 8870, 
  "total_frames_with_female_faces": 327, 
  "avg_frames_with_male_faces": 0.26854565952649379
}