{
  "fraction_mixed_face_screentime": 0.0063897763578274758, 
  "total_frames_with_faces": 3130, 
  "avg_frames_with_female_faces": 0.014711224119142753, 
  "avg_face_screen_fraction": 0.031423198044647216, 
  "avg_frames_with_faces": 0.28423537958590628, 
  "fraction_male_face_screentime": 0.83067092651757191, 
  "f_movie": "raw_videos/The.Green.Mile.1999.BluRay.720p.H264.mp4", 
  "total_frames_with_male_faces": 2620, 
  "fraction_female_face_screentime": 0.045367412140575082, 
  "total_frames": 11012, 
  "total_frames_with_female_faces": 162, 
  "avg_frames_with_male_faces": 0.23792226661823465
}