{
  "fraction_mixed_face_screentime": 0.015327450069670227, 
  "total_frames_with_faces": 2153, 
  "avg_frames_with_female_faces": 0.06633206728160608, 
  "avg_face_screen_fraction": 0.039794345197573869, 
  "avg_frames_with_faces": 0.29205100379815518, 
  "fraction_male_face_screentime": 0.5963771481653507, 
  "f_movie": "raw_videos/The.Matrix.Revolutions.2003.BluRay.480p.H264.mp4", 
  "total_frames_with_male_faces": 1317, 
  "fraction_female_face_screentime": 0.21179749187180677, 
  "total_frames": 7372, 
  "total_frames_with_female_faces": 489, 
  "avg_frames_with_male_faces": 0.17864894194248507
}