{
  "fraction_mixed_face_screentime": 0.009116957541026309, 
  "total_frames_with_faces": 3839, 
  "avg_frames_with_female_faces": 0.28101477557847782, 
  "avg_face_screen_fraction": 0.042751784881401883, 
  "avg_frames_with_faces": 0.53512684694730972, 
  "fraction_male_face_screentime": 0.20187548840843969, 
  "f_movie": "raw_videos/The.Danish.Girl.2015.HDRip.XviD.AC3-EVO.avi", 
  "total_frames_with_male_faces": 810, 
  "fraction_female_face_screentime": 0.51601979682208909, 
  "total_frames": 7174, 
  "total_frames_with_female_faces": 2016, 
  "avg_frames_with_male_faces": 0.11290772233063842
}