{
  "fraction_mixed_face_screentime": 0.0061707233459033254, 
  "total_frames_with_faces": 2917, 
  "avg_frames_with_female_faces": 0.029516159163086121, 
  "avg_face_screen_fraction": 0.038061852863655411, 
  "avg_frames_with_faces": 0.27246403885671588, 
  "fraction_male_face_screentime": 0.65443949262941381, 
  "f_movie": "raw_videos/The.Lord.of.the.Rings.The.Fellowship.of.the.Ring.2001.BDRip.x264-DJ.mkv", 
  "total_frames_with_male_faces": 1927, 
  "fraction_female_face_screentime": 0.10215975317106617, 
  "total_frames": 10706, 
  "total_frames_with_female_faces": 316, 
  "avg_frames_with_male_faces": 0.17999252755464226
}