{
  "fraction_mixed_face_screentime": 0.11506565307532826, 
  "total_frames_with_faces": 2894, 
  "avg_frames_with_female_faces": 0.15226337448559671, 
  "avg_face_screen_fraction": 0.015714828985541194, 
  "avg_frames_with_faces": 0.45805634694523584, 
  "fraction_male_face_screentime": 0.4865238424326192, 
  "f_movie": "raw_videos/The.Royal.Tenenbaums.2001.HDTV.720p.H264.mp4", 
  "total_frames_with_male_faces": 1741, 
  "fraction_female_face_screentime": 0.21734623358673116, 
  "total_frames": 6318, 
  "total_frames_with_female_faces": 962, 
  "avg_frames_with_male_faces": 0.2755618866729978
}