{
  "fraction_mixed_face_screentime": 0.020613936813802376, 
  "total_frames_with_faces": 4463, 
  "avg_frames_with_female_faces": 0.082627484874675888, 
  "avg_face_screen_fraction": 0.031743473541434482, 
  "avg_frames_with_faces": 0.77147796024200521, 
  "fraction_male_face_screentime": 0.72328030472776161, 
  "f_movie": "raw_videos/The.Maltese.Falcon.1941.DVDRip.x264-DJ.mkv", 
  "total_frames_with_male_faces": 3320, 
  "fraction_female_face_screentime": 0.086488908805736051, 
  "total_frames": 5785, 
  "total_frames_with_female_faces": 478, 
  "avg_frames_with_male_faces": 0.57389801210025926
}