{
  "fraction_mixed_face_screentime": 0.058469308469308472, 
  "total_frames_with_faces": 5148, 
  "avg_frames_with_female_faces": 0.26751838946960899, 
  "avg_face_screen_fraction": 0.018457240498852827, 
  "avg_frames_with_faces": 0.66434378629500579, 
  "fraction_male_face_screentime": 0.20648795648795648, 
  "f_movie": "raw_videos/The.Parent.Trap.1961.WEB-DL.720p.H264.mp4", 
  "total_frames_with_male_faces": 1364, 
  "fraction_female_face_screentime": 0.34421134421134419, 
  "total_frames": 7749, 
  "total_frames_with_female_faces": 2073, 
  "avg_frames_with_male_faces": 0.17602271260807847
}