{
  "fraction_mixed_face_screentime": 0.0042710706150341686, 
  "total_frames_with_faces": 3512, 
  "avg_frames_with_female_faces": 0.0052341597796143249, 
  "avg_face_screen_fraction": 0.025971755020637265, 
  "avg_frames_with_faces": 0.48374655647382919, 
  "fraction_male_face_screentime": 0.86617312072892938, 
  "f_movie": "raw_videos/The.Treasure.of.the.Sierra.Madre.1948.DVDRip.x264-DJ.mkv", 
  "total_frames_with_male_faces": 3057, 
  "fraction_female_face_screentime": 0.0065489749430523922, 
  "total_frames": 7260, 
  "total_frames_with_female_faces": 38, 
  "avg_frames_with_male_faces": 0.42107438016528925
}