{
  "fraction_mixed_face_screentime": 0.0029455081001472753, 
  "total_frames_with_faces": 2037, 
  "avg_frames_with_female_faces": 0.007382972038956959, 
  "avg_face_screen_fraction": 0.028459492940943208, 
  "avg_frames_with_faces": 0.31998114985862391, 
  "fraction_male_face_screentime": 0.86401570937653416, 
  "f_movie": "raw_videos/The.Usual.Suspects.1995.BluRay.720p.x264.mkv", 
  "total_frames_with_male_faces": 1766, 
  "fraction_female_face_screentime": 0.020127638684339717, 
  "total_frames": 6366, 
  "total_frames_with_female_faces": 47, 
  "avg_frames_with_male_faces": 0.27741124725102106
}