{
  "fraction_mixed_face_screentime": 0.055796652200867949, 
  "total_frames_with_faces": 1613, 
  "avg_frames_with_female_faces": 0.083985310554047579, 
  "avg_face_screen_fraction": 0.018418757377904865, 
  "avg_frames_with_faces": 0.25754430783969345, 
  "fraction_male_face_screentime": 0.43831370117792934, 
  "f_movie": "raw_videos/The.Mummy.3.Tomb.Of.The.Dragon.Emperor.2008.BluRay.720p.H264.mp4", 
  "total_frames_with_male_faces": 797, 
  "fraction_female_face_screentime": 0.27030378177309361, 
  "total_frames": 6263, 
  "total_frames_with_female_faces": 526, 
  "avg_frames_with_male_faces": 0.12725530895736867
}