{
  "fraction_mixed_face_screentime": 0.021508828250401284, 
  "total_frames_with_faces": 3115, 
  "avg_frames_with_female_faces": 0.030340711265854265, 
  "avg_face_screen_fraction": 0.033610073398226241, 
  "avg_frames_with_faces": 0.25822763823261213, 
  "fraction_male_face_screentime": 0.69117174959871586, 
  "f_movie": "raw_videos/The.Lord.of.the.Rings.The.Return.of.the.King.2003.BDRip.x264-DJ.mkv", 
  "total_frames_with_male_faces": 2220, 
  "fraction_female_face_screentime": 0.095987158908507217, 
  "total_frames": 12063, 
  "total_frames_with_female_faces": 366, 
  "avg_frames_with_male_faces": 0.18403382243223079
}