{
  "fraction_mixed_face_screentime": 0.0023461939520333683, 
  "total_frames_with_faces": 3836, 
  "avg_frames_with_female_faces": 0.0039747486555997196, 
  "avg_face_screen_fraction": 0.034999979028267049, 
  "avg_frames_with_faces": 0.44844517184942717, 
  "fraction_male_face_screentime": 0.8842544316996872, 
  "f_movie": "raw_videos/The.Shawshank.Redemption.1994.BluRay.720p.H264.mp4", 
  "total_frames_with_male_faces": 3401, 
  "fraction_female_face_screentime": 0.0065172054223149112, 
  "total_frames": 8554, 
  "total_frames_with_female_faces": 34, 
  "avg_frames_with_male_faces": 0.39759176993219547
}