{
  "fraction_mixed_face_screentime": 0.01138159974707556, 
  "total_frames_with_faces": 3163, 
  "avg_frames_with_female_faces": 0.056303549571603426, 
  "avg_face_screen_fraction": 0.047605668043748314, 
  "avg_frames_with_faces": 0.55306871830739635, 
  "fraction_male_face_screentime": 0.60385709769206453, 
  "f_movie": "raw_videos/The.Princess.Bride.1987.BluRay.480p.H264.mp4", 
  "total_frames_with_male_faces": 1946, 
  "fraction_female_face_screentime": 0.090420486879544737, 
  "total_frames": 5719, 
  "total_frames_with_female_faces": 322, 
  "avg_frames_with_male_faces": 0.34026927784577721
}