{
  "fraction_mixed_face_screentime": 0.043659043659043661, 
  "total_frames_with_faces": 3848, 
  "avg_frames_with_female_faces": 0.035368262628162922, 
  "avg_face_screen_fraction": 0.017699203700550985, 
  "avg_frames_with_faces": 0.36196030476907159, 
  "fraction_male_face_screentime": 0.78248440748440751, 
  "f_movie": "raw_videos/The.Godfather.1972.720p.bluray.x264.mkv", 
  "total_frames_with_male_faces": 3179, 
  "fraction_female_face_screentime": 0.054054054054054057, 
  "total_frames": 10631, 
  "total_frames_with_female_faces": 376, 
  "avg_frames_with_male_faces": 0.29903113535885617
}