{
  "fraction_mixed_face_screentime": 0.01288936627282492, 
  "total_frames_with_faces": 3724, 
  "avg_frames_with_female_faces": 0.075023518344308565, 
  "avg_face_screen_fraction": 0.025020015961753142, 
  "avg_frames_with_faces": 0.43791157102539979, 
  "fraction_male_face_screentime": 0.59291084854994625, 
  "f_movie": "raw_videos/The.Shining.1980.HDTV.480p.H264.mp4", 
  "total_frames_with_male_faces": 2256, 
  "fraction_female_face_screentime": 0.15843179377013963, 
  "total_frames": 8504, 
  "total_frames_with_female_faces": 638, 
  "avg_frames_with_male_faces": 0.26528692380056446
}