{
  "fraction_mixed_face_screentime": 0.010386965376782077, 
  "total_frames_with_faces": 4910, 
  "avg_frames_with_female_faces": 0.016870993139129455, 
  "avg_face_screen_fraction": 0.017090874952064676, 
  "avg_frames_with_faces": 0.55224384208750421, 
  "fraction_male_face_screentime": 0.83238289205702642, 
  "f_movie": "raw_videos/The.Wages.Of.Fear.1953.BluRay.720p.H264.mp4", 
  "total_frames_with_male_faces": 4138, 
  "fraction_female_face_screentime": 0.020162932790224034, 
  "total_frames": 8891, 
  "total_frames_with_female_faces": 150, 
  "avg_frames_with_male_faces": 0.46541446406478459
}