{
  "fraction_mixed_face_screentime": 0.011854360711261643, 
  "total_frames_with_faces": 2362, 
  "avg_frames_with_female_faces": 0.029940742280902381, 
  "avg_face_screen_fraction": 0.0093463812650906065, 
  "avg_frames_with_faces": 0.24555567106767856, 
  "fraction_male_face_screentime": 0.75825571549534287, 
  "f_movie": "raw_videos/The.Dark.Knight.Rises.2012.BluRay.720p.H264.mp4", 
  "total_frames_with_male_faces": 1819, 
  "fraction_female_face_screentime": 0.1100762066045724, 
  "total_frames": 9619, 
  "total_frames_with_female_faces": 288, 
  "avg_frames_with_male_faces": 0.18910489655889384
}