{
  "fraction_mixed_face_screentime": 0.045309168443496799, 
  "total_frames_with_faces": 1876, 
  "avg_frames_with_female_faces": 0.049311773352933318, 
  "avg_face_screen_fraction": 0.013379537891083532, 
  "avg_frames_with_faces": 0.25070159027128158, 
  "fraction_male_face_screentime": 0.54051172707889128, 
  "f_movie": "raw_videos/The.Mummy.2.Returns.2001.BluRay.720p.H264.mp4", 
  "total_frames_with_male_faces": 1099, 
  "fraction_female_face_screentime": 0.1513859275053305, 
  "total_frames": 7483, 
  "total_frames_with_female_faces": 369, 
  "avg_frames_with_male_faces": 0.14686623012160899
}