{
  "fraction_mixed_face_screentime": 0.093507087334247826, 
  "total_frames_with_faces": 4374, 
  "avg_frames_with_female_faces": 0.39666219639398004, 
  "avg_face_screen_fraction": 0.026786425241800482, 
  "avg_frames_with_faces": 0.65176575771122036, 
  "fraction_male_face_screentime": 0.13808870598994055, 
  "f_movie": "raw_videos/The.Princess.Diaries.2001.BluRay.720p.H264.mp4", 
  "total_frames_with_male_faces": 1013, 
  "fraction_female_face_screentime": 0.51508916323731135, 
  "total_frames": 6711, 
  "total_frames_with_female_faces": 2662, 
  "avg_frames_with_male_faces": 0.15094620771867084
}