{
  "fraction_mixed_face_screentime": 0.0011312217194570137, 
  "total_frames_with_faces": 3536, 
  "avg_frames_with_female_faces": 0.0020595394120951132, 
  "avg_face_screen_fraction": 0.0298602969909816, 
  "avg_frames_with_faces": 0.33102415278037822, 
  "fraction_male_face_screentime": 0.86877828054298645, 
  "f_movie": "raw_videos/The.Good.The.Bad.And.The.Ugly.1966.EXTENDED.BluRay.720p.H264.mp4", 
  "total_frames_with_male_faces": 3076, 
  "fraction_female_face_screentime": 0.0050904977375565612, 
  "total_frames": 10682, 
  "total_frames_with_female_faces": 22, 
  "avg_frames_with_male_faces": 0.28796105598202582
}