{
  "fraction_mixed_face_screentime": 0.024578136463683051, 
  "total_frames_with_faces": 2726, 
  "avg_frames_with_female_faces": 0.043077388149939541, 
  "avg_face_screen_fraction": 0.028154658664970151, 
  "avg_frames_with_faces": 0.41203143893591293, 
  "fraction_male_face_screentime": 0.38554658840792372, 
  "f_movie": "raw_videos/The.Outsiders.DC.1983.DVDRip.x264.mkv", 
  "total_frames_with_male_faces": 1118, 
  "fraction_female_face_screentime": 0.079970652971386641, 
  "total_frames": 6616, 
  "total_frames_with_female_faces": 285, 
  "avg_frames_with_male_faces": 0.16898428053204353
}