{
  "fraction_mixed_face_screentime": 0.013019529293940912, 
  "total_frames_with_faces": 3994, 
  "avg_frames_with_female_faces": 0.045978079138027123, 
  "avg_face_screen_fraction": 0.048587705806540205, 
  "avg_frames_with_faces": 0.37098272338844512, 
  "fraction_male_face_screentime": 0.69954932398597902, 
  "f_movie": "raw_videos/The.Lord.of.the.Rings.The.Two.Towers.2002.BDRip.x264-DJ.mkv", 
  "total_frames_with_male_faces": 2846, 
  "fraction_female_face_screentime": 0.11091637456184276, 
  "total_frames": 10766, 
  "total_frames_with_female_faces": 495, 
  "avg_frames_with_male_faces": 0.26435073379156604
}