{
  "fraction_mixed_face_screentime": 0.036698992203841034, 
  "total_frames_with_faces": 5259, 
  "avg_frames_with_female_faces": 0.09887976101568334, 
  "avg_face_screen_fraction": 0.034672204130519725, 
  "avg_frames_with_faces": 0.78551157580283792, 
  "fraction_male_face_screentime": 0.7246624833618559, 
  "f_movie": "raw_videos/Witness.for.the.Prosecution.1957.DVDRip.x264-DJ.mkv", 
  "total_frames_with_male_faces": 4004, 
  "fraction_female_face_screentime": 0.08918045255752044, 
  "total_frames": 6695, 
  "total_frames_with_female_faces": 662, 
  "avg_frames_with_male_faces": 0.59805825242718447
}