{
  "fraction_mixed_face_screentime": 0.066832452595585956, 
  "total_frames_with_faces": 3217, 
  "avg_frames_with_female_faces": 0.15093226339391078, 
  "avg_face_screen_fraction": 0.022460339169204601, 
  "avg_frames_with_faces": 0.37963181496341752, 
  "fraction_male_face_screentime": 0.40783338514143613, 
  "f_movie": "raw_videos/Wonder.Woman.2017.mkv", 
  "total_frames_with_male_faces": 1527, 
  "fraction_female_face_screentime": 0.33074292819396955, 
  "total_frames": 8474, 
  "total_frames_with_female_faces": 1279, 
  "avg_frames_with_male_faces": 0.18019825348123672
}