{
  "fraction_mixed_face_screentime": 0.073343848580441642, 
  "total_frames_with_faces": 3804, 
  "avg_frames_with_female_faces": 0.16212177810982442, 
  "avg_face_screen_fraction": 0.060634914434466246, 
  "avg_frames_with_faces": 0.71049682480388499, 
  "fraction_male_face_screentime": 0.61277602523659302, 
  "f_movie": "raw_videos/Zoolander.2001.BluRay.720p.H264.mp4", 
  "total_frames_with_male_faces": 2610, 
  "fraction_female_face_screentime": 0.15483701366982125, 
  "total_frames": 5354, 
  "total_frames_with_female_faces": 868, 
  "avg_frames_with_male_faces": 0.48748599178184537
}