{
  "fraction_mixed_face_screentime": 0.052688560086611332, 
  "total_frames_with_faces": 2771, 
  "avg_frames_with_female_faces": 0.11827956989247312, 
  "avg_face_screen_fraction": 0.035822242882238862, 
  "avg_frames_with_faces": 0.45144998370804823, 
  "fraction_male_face_screentime": 0.55142547816672682, 
  "f_movie": "raw_videos/Zoolander.2.2016.WEB-DL.720p.H264.mp4", 
  "total_frames_with_male_faces": 1674, 
  "fraction_female_face_screentime": 0.2093107181522916, 
  "total_frames": 6138, 
  "total_frames_with_female_faces": 726, 
  "avg_frames_with_male_faces": 0.27272727272727271
}